Index Level:,Net,,,"This information is the property of MSCI Inc. and /or its subsidiaries (collectively, ""MSCI""). It is provided for informational "
Currency:,USD,,,"purposes only, and is not a recommendation to participate in any particular trading strategy. The information may not be used to "
,,,,"verify or correct data, or any compilation of data or index or in the creation of any indexes. Nor may it be used in the creating, "
Date,MSCI World Index,,,"writing, offering, trading, marketing or promotion of any financial instruments or products. This information is provided on an "
1998-12-31,2293.188347,,,"""as is"" basis. Although MSCI shall obtain information from sources which MSCI considers reliable, none of the MSCI, its subsidiaries "
1999-01-29,2341.761883,,,"or its or their direct or indirect information provider or any other third party involved in, or related to, compiling, computing or "
1999-02-26,2278.619033,,,"creating the information (collectively, the ""MSCI Parties"") guarantees the accuracy and/or the completeness of any of this information."
1999-03-31,2375.125434,,,"purposes only, and is not a recommendation to participate in any particular trading strategy. The information may not be used to "
1999-04-30,2468.27197,,,"None of the MSCI Parties makes any representation or warranty, express or implied, as to the results to be obtained by any person or"
1999-05-31,2379.499026,,,"ventity from any use of this information, and the user of this information assumes the entire risk of any use made of this information."
1999-06-30,2490.981139,,,"None of the MSCI Parties makes any express or implied warranties, and the MSCI Parties hereby expressly disclaim all warranties of "
1999-07-30,2482.319079,,,"merchantability or fitness for a particular purpose with respect to any of this information. Without limiting any of the foregoing, "
1999-08-31,2478.177099,,,"in no event shall any of the MSCI Parties have any liability for any direct, indirect, special, punitive, consequential or any other "
1999-09-30,2453.869096,,,"damages (including lost profits) even if notified of the possibility of such damages. MSCI, Barra, RiskMetrics and FEA "
1999-10-29,2579.823865,,,and all other service marks referred to herein are the exclusive property of MSCI and/or its subsidiaries. All MSCI indexes and data 
1999-11-30,2651.745934,,,are the exclusive property of MSCI and may not be used in any way without the express written permission of MSCI.
1999-12-31,2865.406374,,,
2000-01-31,2699.69336,,,
2000-02-29,2706.533276,,,
2000-03-31,2894.793353,,,
2000-04-28,2772.357482,,,
2000-05-31,2703.658535,,,
2000-06-30,2794.429282,,,
2000-07-31,2714.669587,,,
2000-08-31,2803.392769,,,
2000-09-29,2653.677306,,,
2000-10-31,2607.929438,,,
2000-11-30,2449.046053,,,
2000-12-29,2487.613434,,,
2001-01-31,2535.516204,,,
2001-02-28,2320.953678,,,
2001-03-30,2168.116678,,,
2001-04-30,2327.938366,,,
2001-05-31,2297.602765,,,
2001-06-29,2225.292998,,,
2001-07-31,2195.548848,,,
2001-08-31,2089.840583,,,
2001-09-28,1905.413676,,,
2001-10-31,1941.797583,,,
2001-11-30,2056.379507,,,
2001-12-31,2069.098508,,,
2002-01-31,2006.204155,,,
2002-02-28,1988.558846,,,
2002-03-29,2076.154592,,,
2002-04-30,2005.58746,,,
2002-05-31,2008.931163,,,
2002-06-28,1886.694296,,,
2002-07-31,1727.499235,,,
2002-08-30,1730.449188,,,
2002-09-30,1539.926276,,,
2002-10-31,1653.394243,,,
2002-11-29,1742.286996,,,
2002-12-31,1657.635877,,,
2003-01-31,1607.120983,,,
2003-02-28,1578.993719,,,
2003-03-31,1573.782087,,,
2003-04-30,1713.248465,,,
2003-05-30,1810.790002,,,
2003-06-30,1841.900766,,,
2003-07-31,1879.089322,,,
2003-08-29,1919.456085,,,
2003-09-30,1931.008333,,,
2003-10-31,2045.404934,,,
2003-11-28,2076.320259,,,
2003-12-31,2206.42336,,,
2004-01-30,2241.827322,,,
2004-02-27,2279.367118,,,
2004-03-31,2264.241815,,,
2004-04-30,2217.867215,,,
2004-05-31,2238.073687,,,
2004-06-30,2284.019129,,,
2004-07-30,2209.445634,,,
2004-08-31,2219.157442,,,
2004-09-30,2261.138042,,,
2004-10-29,2316.469023,,,
2004-11-30,2438.155959,,,
2004-12-31,2531.227744,,,
2005-01-31,2474.239146,,,
2005-02-28,2552.617563,,,
2005-03-31,2503.067706,,,
2005-04-29,2448.52752,,,
2005-05-31,2492.031521,,,
2005-06-30,2513.595117,,,
2005-07-29,2601.399413,,,
2005-08-31,2621.001361,,,
2005-09-30,2689.077779,,,
2005-10-31,2623.838124,,,
2005-11-30,2711.263341,,,
2005-12-30,2771.330352,,,
2006-01-31,2895.079156,,,
2006-02-28,2890.769463,,,
2006-03-31,2954.334025,,,
2006-04-28,3044.029617,,,
2006-05-31,2940.049217,,,
2006-06-30,2939.186724,,,
2006-07-31,2957.530205,,,
2006-08-31,3034.299323,,,
2006-09-29,3070.479056,,,
2006-10-31,3183.174027,,,
2006-11-30,3261.123709,,,
2006-12-29,3327.426068,,,
2007-01-31,3366.707056,,,
2007-02-28,3349.187521,,,
2007-03-30,3410.495602,,,
2007-04-30,3560.942408,,,
2007-05-31,3660.680175,,,
2007-06-29,3632.44408,,,
2007-07-31,3551.99883,,,
2007-08-31,3549.303928,,,
2007-09-28,3718.092914,,,
2007-10-31,3832.132712,,,
2007-11-30,3675.491238,,,
2007-12-31,3628.072784,,,
2008-01-31,3350.817265,,,
2008-02-29,3331.423027,,,
2008-03-31,3299.491283,,,
2008-04-30,3472.905676,,,
2008-05-30,3525.862889,,,
2008-06-30,3244.648547,,,
2008-07-31,3165.368349,,,
2008-08-29,3120.897713,,,
2008-09-30,2749.71055,,,
2008-10-31,2228.362836,,,
2008-11-28,2084.12382,,,
2008-12-31,2150.99042,,,
2009-01-30,1962.551349,,,
2009-02-27,1761.666039,,,
2009-03-31,1894.511234,,,
2009-04-30,2107.036383,,,
2009-05-29,2297.946481,,,
2009-06-30,2287.579242,,,
2009-07-31,2481.330446,,,
2009-08-31,2583.697379,,,
2009-09-30,2686.679134,,,
2009-10-30,2638.879682,,,
2009-11-30,2746.711751,,,
2009-12-31,2796.034983,,,
2010-01-29,2680.472301,,,
2010-02-26,2718.257915,,,
2010-03-31,2886.600555,,,
2010-04-30,2887.006095,,,
2010-05-31,2610.464565,,,
2010-06-30,2520.961671,,,
2010-07-30,2725.343876,,,
2010-08-31,2623.593082,,,
2010-09-30,2868.232137,,,
2010-10-29,2975.146651,,,
2010-11-30,2910.914586,,,
2010-12-31,3124.941239,,,
2011-01-31,3195.539433,,,
2011-02-28,3307.424083,,,
2011-03-31,3274.807023,,,
2011-04-29,3413.928868,,,
2011-05-31,3343.105624,,,
2011-06-30,3290.219403,,,
2011-07-29,3230.559985,,,
2011-08-31,3002.94391,,,
2011-09-30,2743.578031,,,
2011-10-31,3027.364632,,,
2011-11-30,2953.450131,,,
2011-12-30,2951.809224,,,
2012-01-31,3099.939784,,,
2012-02-29,3251.368146,,,
2012-03-30,3293.16928,,,
2012-04-30,3255.772077,,,
2012-05-31,2974.720595,,,
2012-06-29,3126.299055,,,
2012-07-31,3166.489117,,,
2012-08-31,3246.765029,,,
2012-09-28,3335.964597,,,
2012-10-31,3313.421878,,,
2012-11-30,3355.850205,,,
2012-12-31,3418.961084,,,
2013-01-31,3593.121482,,,
2013-02-28,3599.05381,,,
2013-03-29,3683.356097,,,
2013-04-30,3799.348118,,,
2013-05-31,3800.782838,,,
2013-06-28,3707.12974,,,
2013-07-31,3902.294817,,,
2013-08-30,3819.234502,,,
2013-09-30,4010.245229,,,
2013-10-31,4167.220208,,,
2013-11-29,4241.278159,,,
2013-12-31,4331.022324,,,
2014-01-31,4170.607905,,,
2014-02-28,4379.392895,,,
2014-03-31,4385.731168,,,
2014-04-30,4430.670913,,,
2014-05-30,4517.843546,,,
2014-06-30,4598.664239,,,
2014-07-31,4525.272524,,,
2014-08-29,4624.987878,,,
2014-09-30,4499.460595,,,
2014-10-31,4528.567628,,,
2014-11-28,4619.324321,,,
2014-12-31,4544.837195,,,
2015-01-30,4462.486303,,,
2015-02-27,4723.937272,,,
2015-03-31,4649.990896,,,
2015-04-30,4759.0452,,,
2015-05-29,4775.43874,,,
2015-06-30,4664.398802,,,
2015-07-31,4748.124777,,,
2015-08-31,4433.919533,,,
2015-09-30,4270.377428,,,
2015-10-30,4608.779714,,,
2015-11-30,4585.848058,,,
2015-12-31,4505.240818,,,
2016-01-29,4235.718475,,,
2016-02-29,4204.193782,,,
2016-03-31,4489.48647,,,
2016-04-29,4560.525703,,,
2016-05-31,4586.140433,,,
2016-06-30,4534.750823,,,
2016-07-29,4726.337003,,,
2016-08-31,4730.265041,,,
2016-09-30,4755.391863,,,
2016-10-31,4663.361264,,,
2016-11-30,4730.415837,,,
2016-12-30,4843.607046,,,
2017-01-31,4960.508237,,,
2017-02-28,5098.129753,,,
2017-03-31,5152.434537,,,
2017-04-28,5228.725995,,,
2017-05-31,5339.337031,,,
2017-06-30,5359.880137,,,
2017-07-31,5488.155112,,,
2017-08-31,5495.883376,,,
2017-09-29,5619.234267,,,
2017-10-31,5725.429205,,,
2017-11-30,5849.48515,,,
2017-12-29,5928.590589,,,
2018-01-31,6241.621388,,,
2018-02-28,5983.046729,,,
2018-03-30,5852.637594,,,
2018-04-30,5919.891267,,,
2018-05-31,5956.987856,,,
2018-06-29,5954.146307,,,
2018-07-31,6140.115404,,,
2018-08-31,6216.086105,,,
2018-09-28,6250.698124,,,
2018-10-31,5791.72256,,,
2018-11-30,5857.516002,,,
2018-12-31,5412.122265,,,
2019-01-31,5833.216697,,,
2019-02-28,6008.620525,,,
2019-03-29,6087.540578,,,
2019-04-30,6303.400577,,,
2019-05-31,5939.688954,,,
2019-06-28,6331.084152,,,
2019-07-31,6362.444205,,,
2019-08-30,6232.303357,,,
2019-09-30,6364.932802,,,
2019-10-31,6526.90433,,,
2019-11-29,6708.679671,,,
2019-12-31,6909.659925,,,
2020-01-31,6867.60317,,,
2020-02-28,6287.117312,,,
2020-03-31,5455.063009,,,
2020-04-30,6050.997296,,,
2020-05-29,6343.309861,,,
2020-06-30,6511.097069,,,
2020-07-31,6822.596784,,,
2020-08-31,7278.444279,,,
2020-09-30,7027.344276,,,
2020-10-30,6811.780377,,,
2020-11-30,7682.744947,,,
2020-12-31,8008.46808,,,
2021-01-29,7928.874525,,,
2021-02-26,8132.046927,,,
2021-03-31,8402.617284,,,
2021-04-30,8793.676052,,,
2021-05-31,8920.352837,,,
2021-06-30,9053.309216,,,
2021-07-30,9215.479624,,,
2021-08-31,9444.837783,,,
2021-09-30,9052.68307,,,
2021-10-29,9565.431647,,,
2021-11-30,9355.824709,,,
2021-12-31,9755.694412,,,
2022-01-31,9239.511774,,,
2022-02-28,9005.833281,,,
2022-03-31,9252.983614,,,
2022-04-29,8484.307342,,,
2022-05-31,8490.732977,,,
2022-06-30,7755.248728,,,
2022-07-29,8370.98686,,,
2022-08-31,8021.014269,,,
2022-09-30,7275.381586,,,
2022-10-31,7797.848024,,,
2022-11-30,8340.035728,,,
2022-12-30,7985.85692,,,
2023-01-31,8550.904705,,,
2023-02-28,8345.35372,,,
2023-03-31,8603.222564,,,
2023-04-28,8754.033498,,,
2023-05-31,8666.638323,,,
2023-06-30,9190.777442,,,
2023-07-31,9499.521016,,,
2023-08-31,9272.618079,,,
2023-09-29,8872.612339,,,
2023-10-31,8615.166062,,,
2023-11-30,9422.855751,,,
2023-12-29,9885.463761,,,
2024-01-31,10004.09409,,,
2024-02-29,10428.24432,,,
2024-03-29,10763.35405,,,
2024-04-30,10363.55244,,,
2024-05-31,10826.30564,,,
2024-06-28,11046.59823,,,
2024-07-31,11241.26607,,,
2024-08-30,11538.37827,,,
2024-09-30,11749.69139,,,
2024-10-31,11516.61371,,,
2024-11-29,12045.07173,,,
2024-12-31,11731.17027,,,
2025-01-31,12145.1467,,,
2025-02-28,12057.73554,,,
2025-03-31,11520.91854,,,
2025-04-30,11623.30563,,,
2025-05-30,12311.31075,,,
2025-06-30,12842.58091,,,
2025-07-31,13007.89893,,,
2025-08-29,13347.21568,,,
2025-09-30,13776.27371,,,
2025-10-31,14052.14841,,,
2025-11-28,14091.84193,,,
2025-12-31,14205.75196,,,
2026-01-30,14523.66318,,,
2026-02-27,14630.0501,,,
2026-03-31,13698.18871,,,
2026-04-30,15012.09793,,,
2026-05-29,15695.46515,,,
2026-06-30,15582.84282,,,
