Index Level:,Net,,,"This information is the property of MSCI Inc. and /or its subsidiaries (collectively, ""MSCI""). It is provided for informational "
Currency:,USD,,,"purposes only, and is not a recommendation to participate in any particular trading strategy. The information may not be used to "
,,,,"verify or correct data, or any compilation of data or index or in the creation of any indexes. Nor may it be used in the creating, "
Date,MSCI World Value Index,,,"writing, offering, trading, marketing or promotion of any financial instruments or products. This information is provided on an "
1998-12-31,3315.522927,,,"""as is"" basis. Although MSCI shall obtain information from sources which MSCI considers reliable, none of the MSCI, its subsidiaries "
1999-01-29,3337.430974,,,"or its or their direct or indirect information provider or any other third party involved in, or related to, compiling, computing or "
1999-02-26,3295.583471,,,"creating the information (collectively, the ""MSCI Parties"") guarantees the accuracy and/or the completeness of any of this information."
1999-03-31,3450.839695,,,"purposes only, and is not a recommendation to participate in any particular trading strategy. The information may not be used to "
1999-04-30,3726.50371,,,"None of the MSCI Parties makes any representation or warranty, express or implied, as to the results to be obtained by any person or"
1999-05-31,3588.12605,,,"ventity from any use of this information, and the user of this information assumes the entire risk of any use made of this information."
1999-06-30,3708.331528,,,"None of the MSCI Parties makes any express or implied warranties, and the MSCI Parties hereby expressly disclaim all warranties of "
1999-07-30,3722.181561,,,"merchantability or fitness for a particular purpose with respect to any of this information. Without limiting any of the foregoing, "
1999-08-31,3667.566742,,,"in no event shall any of the MSCI Parties have any liability for any direct, indirect, special, punitive, consequential or any other "
1999-09-30,3590.341947,,,"damages (including lost profits) even if notified of the possibility of such damages. MSCI, Barra, RiskMetrics and FEA "
1999-10-29,3724.908579,,,and all other service marks referred to herein are the exclusive property of MSCI and/or its subsidiaries. All MSCI indexes and data 
1999-11-30,3711.989113,,,are the exclusive property of MSCI and may not be used in any way without the express written permission of MSCI.
1999-12-31,3873.406176,,,
2000-01-31,3672.894655,,,
2000-02-29,3545.201699,,,
2000-03-31,3833.254132,,,
2000-04-28,3767.544082,,,
2000-05-31,3798.220825,,,
2000-06-30,3831.209847,,,
2000-07-31,3802.863979,,,
2000-08-31,3917.007835,,,
2000-09-29,3852.005544,,,
2000-10-31,3879.320947,,,
2000-11-30,3701.835137,,,
2000-12-29,3876.362102,,,
2001-01-31,3915.295465,,,
2001-02-28,3723.112073,,,
2001-03-30,3532.321973,,,
2001-04-30,3769.974531,,,
2001-05-31,3746.289164,,,
2001-06-29,3640.60196,,,
2001-07-31,3596.897031,,,
2001-08-31,3468.767546,,,
2001-09-28,3146.616407,,,
2001-10-31,3139.000576,,,
2001-11-30,3273.414403,,,
2001-12-31,3297.759488,,,
2002-01-31,3204.728002,,,
2002-02-28,3141.611237,,,
2002-03-29,3345.314642,,,
2002-04-30,3253.551596,,,
2002-05-31,3280.246723,,,
2002-06-28,3071.114356,,,
2002-07-31,2770.684226,,,
2002-08-30,2781.018129,,,
2002-09-30,2444.820868,,,
2002-10-31,2614.726015,,,
2002-11-29,2802.16881,,,
2002-12-31,2640.044043,,,
2003-01-31,2573.737041,,,
2003-02-28,2512.523573,,,
2003-03-31,2475.645334,,,
2003-04-30,2736.878441,,,
2003-05-30,2933.562094,,,
2003-06-30,2993.107817,,,
2003-07-31,3056.097696,,,
2003-08-29,3126.10778,,,
2003-09-30,3146.041093,,,
2003-10-31,3331.567024,,,
2003-11-28,3385.150991,,,
2003-12-31,3646.610131,,,
2004-01-30,3689.461956,,,
2004-02-27,3767.993637,,,
2004-03-31,3755.544826,,,
2004-04-30,3676.614627,,,
2004-05-31,3705.431322,,,
2004-06-30,3808.980264,,,
2004-07-30,3741.390564,,,
2004-08-31,3784.391629,,,
2004-09-30,3851.78787,,,
2004-10-29,3945.997654,,,
2004-11-30,4160.676576,,,
2004-12-31,4321.575497,,,
2005-01-31,4243.24829,,,
2005-02-28,4403.271064,,,
2005-03-31,4317.469027,,,
2005-04-29,4223.355289,,,
2005-05-31,4264.677265,,,
2005-06-30,4318.836275,,,
2005-07-29,4441.66663,,,
2005-08-31,4468.946116,,,
2005-09-30,4602.560489,,,
2005-10-31,4477.027215,,,
2005-11-30,4630.236146,,,
2005-12-30,4734.419579,,,
2006-01-31,4938.88019,,,
2006-02-28,4975.250723,,,
2006-03-31,5070.311615,,,
2006-04-28,5261.055807,,,
2006-05-31,5104.066252,,,
2006-06-30,5109.246931,,,
2006-07-31,5212.47726,,,
2006-08-31,5344.824124,,,
2006-09-29,5424.322914,,,
2006-10-31,5628.987522,,,
2006-11-30,5762.917743,,,
2006-12-29,5921.942514,,,
2007-01-31,5968.495657,,,
2007-02-28,5943.872174,,,
2007-03-30,6047.166944,,,
2007-04-30,6314.910273,,,
2007-05-31,6485.073244,,,
2007-06-29,6411.677126,,,
2007-07-31,6205.81491,,,
2007-08-31,6180.995869,,,
2007-09-28,6430.683334,,,
2007-10-31,6569.989402,,,
2007-11-30,6239.248865,,,
2007-12-31,6123.387359,,,
2008-01-31,5712.128932,,,
2008-02-29,5588.789443,,,
2008-03-31,5551.937145,,,
2008-04-30,5827.297943,,,
2008-05-30,5809.866534,,,
2008-06-30,5257.137775,,,
2008-07-31,5164.841627,,,
2008-08-29,5112.738943,,,
2008-09-30,4601.234046,,,
2008-10-31,3748.291405,,,
2008-11-28,3549.076019,,,
2008-12-31,3650.347925,,,
2009-01-30,3238.876366,,,
2009-02-27,2839.505988,,,
2009-03-31,3069.281795,,,
2009-04-30,3490.874831,,,
2009-05-29,3823.1466,,,
2009-06-30,3780.960447,,,
2009-07-31,4125.872047,,,
2009-08-31,4371.936579,,,
2009-09-30,4523.270561,,,
2009-10-30,4404.071054,,,
2009-11-30,4578.289505,,,
2009-12-31,4624.130672,,,
2010-01-29,4462.220193,,,
2010-02-26,4497.237009,,,
2010-03-31,4778.676384,,,
2010-04-30,4769.929696,,,
2010-05-31,4307.935686,,,
2010-06-30,4149.35538,,,
2010-07-30,4502.047818,,,
2010-08-31,4325.951253,,,
2010-09-30,4677.696303,,,
2010-10-29,4827.761779,,,
2010-11-30,4668.928217,,,
2010-12-31,5041.088398,,,
2011-01-31,5214.682538,,,
2011-02-28,5418.79633,,,
2011-03-31,5338.70542,,,
2011-04-29,5559.976138,,,
2011-05-31,5417.285865,,,
2011-06-30,5332.233994,,,
2011-07-29,5171.346578,,,
2011-08-31,4793.04385,,,
2011-09-30,4422.967728,,,
2011-10-31,4845.813041,,,
2011-11-30,4709.84285,,,
2011-12-30,4757.843738,,,
2012-01-31,4955.402135,,,
2012-02-29,5182.431103,,,
2012-03-30,5232.025029,,,
2012-04-30,5140.095981,,,
2012-05-31,4695.172526,,,
2012-06-29,4986.432903,,,
2012-07-31,5038.867639,,,
2012-08-31,5153.07414,,,
2012-09-28,5311.924963,,,
2012-10-31,5322.06132,,,
2012-11-30,5348.286617,,,
2012-12-31,5495.707668,,,
2013-01-31,5817.780533,,,
2013-02-28,5799.617044,,,
2013-03-29,5920.446779,,,
2013-04-30,6154.635223,,,
2013-05-31,6153.73088,,,
2013-06-28,6012.50566,,,
2013-07-31,6323.75434,,,
2013-08-30,6158.041145,,,
2013-09-30,6442.369068,,,
2013-10-31,6724.253582,,,
2013-11-29,6831.085375,,,
2013-12-31,6958.657006,,,
2014-01-31,6702.980275,,,
2014-02-28,7013.642145,,,
2014-03-31,7101.305239,,,
2014-04-30,7218.529815,,,
2014-05-30,7311.47599,,,
2014-06-30,7449.323443,,,
2014-07-31,7329.429307,,,
2014-08-29,7452.634466,,,
2014-09-30,7237.681656,,,
2014-10-31,7245.698274,,,
2014-11-28,7329.460136,,,
2014-12-31,7215.703767,,,
2015-01-30,7008.317532,,,
2015-02-27,7387.976799,,,
2015-03-31,7227.881786,,,
2015-04-30,7454.378909,,,
2015-05-29,7444.096685,,,
2015-06-30,7234.377561,,,
2015-07-31,7294.10241,,,
2015-08-31,6820.649117,,,
2015-09-30,6562.489778,,,
2015-10-30,7065.981755,,,
2015-11-30,7005.447868,,,
2015-12-31,6867.640488,,,
2016-01-29,6474.20246,,,
2016-02-29,6429.370647,,,
2016-03-31,6869.854419,,,
2016-04-29,7040.083619,,,
2016-05-31,7052.241078,,,
2016-06-30,6966.64931,,,
2016-07-29,7227.360751,,,
2016-08-31,7294.922822,,,
2016-09-30,7314.191887,,,
2016-10-31,7257.671688,,,
2016-11-30,7458.581426,,,
2016-12-30,7714.577408,,,
2017-01-31,7817.530918,,,
2017-02-28,7999.597632,,,
2017-03-31,8041.543941,,,
2017-04-28,8086.134744,,,
2017-05-31,8157.252656,,,
2017-06-30,8267.975017,,,
2017-07-31,8454.340819,,,
2017-08-31,8385.089405,,,
2017-09-29,8638.690076,,,
2017-10-31,8725.657974,,,
2017-11-30,8907.619024,,,
2017-12-29,9033.674036,,,
2018-01-31,9419.073606,,,
2018-02-28,8940.445029,,,
2018-03-30,8745.317511,,,
2018-04-30,8862.227534,,,
2018-05-31,8740.996834,,,
2018-06-29,8727.856519,,,
2018-07-31,9047.236285,,,
2018-08-31,8996.435882,,,
2018-09-28,9081.55976,,,
2018-10-31,8600.455015,,,
2018-11-30,8740.104943,,,
2018-12-31,8059.611967,,,
2019-01-31,8639.165063,,,
2019-02-28,8860.982636,,,
2019-03-29,8879.805832,,,
2019-04-30,9136.894992,,,
2019-05-31,8561.888843,,,
2019-06-28,9097.971866,,,
2019-07-31,9082.52974,,,
2019-08-30,8797.671025,,,
2019-09-30,9143.958212,,,
2019-10-31,9332.763679,,,
2019-11-29,9522.657125,,,
2019-12-31,9812.393667,,,
2020-01-31,9525.366297,,,
2020-02-28,8609.920925,,,
2020-03-31,7166.519645,,,
2020-04-30,7794.230732,,,
2020-05-29,8012.367942,,,
2020-06-30,8068.068645,,,
2020-07-31,8273.347415,,,
2020-08-31,8657.16502,,,
2020-09-30,8380.100183,,,
2020-10-30,8143.049079,,,
2020-11-30,9365.21733,,,
2020-12-31,9698.337718,,,
2021-01-29,9600.326112,,,
2021-02-26,10051.666679,,,
2021-03-31,10625.907811,,,
2021-04-30,10960.778116,,,
2021-05-31,11282.946951,,,
2021-06-30,11126.368267,,,
2021-07-30,11193.97859,,,
2021-08-31,11376.121126,,,
2021-09-30,11033.088381,,,
2021-10-29,11534.071375,,,
2021-11-30,11097.020551,,,
2021-12-31,11826.604548,,,
2022-01-31,11677.350368,,,
2022-02-28,11486.738578,,,
2022-03-31,11749.573661,,,
2022-04-29,11164.574499,,,
2022-05-31,11395.930035,,,
2022-06-30,10388.373095,,,
2022-07-29,10862.960196,,,
2022-08-31,10528.804474,,,
2022-09-30,9635.510309,,,
2022-10-31,10569.836973,,,
2022-11-30,11334.158668,,,
2022-12-30,11055.503615,,,
2023-01-31,11571.516326,,,
2023-02-28,11233.237306,,,
2023-03-31,11156.764493,,,
2023-04-28,11370.102059,,,
2023-05-31,10848.529087,,,
2023-06-30,11495.034883,,,
2023-07-31,11936.635241,,,
2023-08-31,11606.978552,,,
2023-09-29,11279.227534,,,
2023-10-31,10893.798198,,,
2023-11-30,11698.115997,,,
2023-12-29,12328.334275,,,
2024-01-31,12360.129822,,,
2024-02-29,12658.489548,,,
2024-03-29,13251.736935,,,
2024-04-30,12801.350352,,,
2024-05-31,13207.640428,,,
2024-06-28,13092.276698,,,
2024-07-31,13717.283491,,,
2024-08-30,14105.797999,,,
2024-09-30,14344.992048,,,
2024-10-31,14035.045269,,,
2024-11-29,14575.432762,,,
2024-12-31,13742.121114,,,
2025-01-31,14360.969767,,,
2025-02-28,14586.460069,,,
2025-03-31,14403.693468,,,
2025-04-30,14206.883565,,,
2025-05-30,14641.420963,,,
2025-06-30,15178.696249,,,
2025-07-31,15242.475934,,,
2025-08-29,15789.430341,,,
2025-09-30,16063.295795,,,
2025-10-31,15984.586276,,,
2025-11-28,16322.182099,,,
2025-12-31,16599.479387,,,
2026-01-30,17378.787441,,,
2026-02-27,17887.964397,,,
2026-03-31,16794.820818,,,
2026-04-30,17994.078332,,,
2026-05-29,18403.271049,,,
2026-06-30,18341.655441,,,
2026-07-31,19001.057177,,,
